{"texture":{"id":"4ebe20df-5a94-4e28-80ea-f2f0bc8663b2","width":32,"height":32},"sprites":{"Sprite1":{"textureFrame":[0,0,8,8],"pivot":[4,4],"sourceSize":[8,8],"sourceOffset":[0,0]},"Sprite2":{"textureFrame":[8,0,8,8],"pivot":[4,4],"sourceSize":[8,8],"sourceOffset":[0,0]},"Sprite3":{"textureFrame":[16,0,8,8],"pivot":[4,4],"sourceSize":[8,8],"sourceOffset":[0,0]},"Sprite4":{"textureFrame":[24,0,8,8],"pivot":[4,4],"sourceSize":[8,8],"sourceOffset":[0,0]},"Sprite5":{"textureFrame":[0,8,8,8],"pivot":[4,4],"sourceSize":[8,8],"sourceOffset":[0,0]},"Sprite6":{"textureFrame":[8,8,8,8],"pivot":[4,4],"sourceSize":[8,8],"sourceOffset":[0,0]},"Sprite7":{"textureFrame":[16,8,8,8],"pivot":[4,4],"sourceSize":[8,8],"sourceOffset":[0,0]},"Sprite8":{"textureFrame":[24,8,8,8],"pivot":[4,4],"sourceSize":[8,8],"sourceOffset":[0,0]},"Sprite9":{"textureFrame":[0,16,8,8],"pivot":[4,4],"sourceSize":[8,8],"sourceOffset":[0,0]},"Sprite10":{"textureFrame":[8,16,8,8],"pivot":[4,4],"sourceSize":[8,8],"sourceOffset":[0,0]},"Sprite11":{"textureFrame":[16,16,8,8],"pivot":[4,4],"sourceSize":[8,8],"sourceOffset":[0,0]}}}